,question,multi_query,compress_query,vectordb_query,vectordb_mmr_query,conversational_retriever_chain
0,How does the COVID-19 pandemic impact mental health from a South African perspective?,"From a South African perspective, the COVID-19 pandemic has significantly impacted mental health due to the loss of routine pleasurable social activities and the breakdown of social support systems that promote resilience. This is particularly significant in a multicultural and ethnically diverse country like South Africa. The enforcement of social distancing has led to alterations in connections with friends and family members, which are factors shown to be protective against mental health disorders and to foster resilience in the face of adversity. Furthermore, the management of a patient with COVID-19 drastically deviates from how people have been accustomed to looking after those who are suffering from a medical illness, leading to additional stress and distress. The regulations of the Disaster Management Act No. 57 of 2020 prohibit the visitation of the sick in hospital, thereby preventing any physical contact the families may have with those with COVID-19. This has led to a perception of COVID-19 deaths as cold and inhumane, adding to the mental health burden.","From a South African perspective, the COVID-19 pandemic has significantly impacted mental health due to the loss of routine social activities and support systems. Places where people usually access social support, such as churches, schools, and sporting venues, have had limited access during hard lockdowns. This has led to a breakdown and significant loss of the social support systems that promote resilience, making people more susceptible to psychosocial distress and mental health problems. The enforcement of social distancing has also led to alterations in connections with friends and family members, which are factors shown to be protective against mental health disorders and to foster resilience in the face of adversity. However, lessons can be drawn from the concurrent HIV epidemic, where religious, spiritual, and cultural beliefs played a significant role in mitigating mental health problems.","From a South African perspective, the COVID-19 pandemic has significantly impacted mental health due to changes in social norms and restrictions on cultural, spiritual, and religious practices. The regulations of the Disaster Management Act No. 57 of 2020, which prohibit the visitation of the sick in hospital, have prevented families from having physical contact with their loved ones suffering from COVID-19. This has disrupted established rituals of dealing with those who are sick and dying, leading to feelings of distress. 

Furthermore, places where people usually access social support, like churches, schools, and sporting venues, have limited access during hard lockdowns. This has resulted in a significant loss of the social support systems that promote resilience, making people more susceptible to psychosocial distress and mental health problems. 

The enforcement of social distancing has also led to alterations in connections with friends and family members, factors shown to be protective against mental health disorders and to foster resilience in the face of adversity. 

In the South African context, where life is seen as interconnected and holistic development is emphasized, these changes can have a profound impact on mental health. The pandemic has disrupted the interconnectedness and social connections that are key to mental health and resilience. 

Lastly, the strict public health measures, including strict hygiene routines, self-isolation, quarantine, movement restriction, and social distancing, have been applied with little consideration to the mental, social, physical, and economic preparedness of individuals and families, further exacerbating mental health issues.","From a South African perspective, the COVID-19 pandemic has significantly impacted mental health due to changes in social norms and restrictions on cultural and spiritual practices. The regulations of the Disaster Management Act No. 57 of 2020, which prohibit the visitation of the sick in hospital, have prevented families from having physical contact with their loved ones, even in times of imminent death. This has disrupted established rituals of dealing with those who are sick and dying, leading to perceptions of COVID-19 deaths as cold and inhumane. 

Furthermore, places where people usually access social support, like churches, schools, and sporting venues, have limited access during hard lockdowns. This has resulted in a significant loss of the social support systems that promote resilience, making people more susceptible to psychosocial distress and mental health problems. 

The enforcement of social distancing has also led to alterations in connections with friends and family members, which have been shown to be protective against mental health disorders and foster resilience in the face of adversity. 

In the South African context, where life is seen as interconnected and holistic development is emphasized, these changes have had a profound impact on mental health. The country has had to draw lessons from the concurrent HIV epidemic, where religious, spiritual, and cultural beliefs played a significant role in mitigating mental health problems. 

The pandemic's long-term presence, along with new mutations and possible surges, means that non-pharmacological measures remain the most reliable strategies to control the pandemic. However, these measures have been introduced with little consideration to the mental, social, physical, and economic preparedness of individuals and families. Therefore, there is a need for guidelines that can strengthen mental health initiatives during a time of crisis without fuelling the spread of the virus.","From a South African perspective, the COVID-19 pandemic has significantly impacted mental health due to changes in social norms and restrictions on cultural, spiritual, and religious practices. The regulations of the Disaster Management Act No. 57 of 2020, which prohibit the visitation of the sick in hospital, have prevented families from having physical contact with their loved ones, leading to feelings of distress and isolation. The enforcement of social distancing has also led to alterations in connections with friends and family members, which are factors shown to be protective against mental health disorders and to foster resilience. Furthermore, places where people usually access social support, like churches, schools, and sporting venues, have limited access during hard lockdowns, leading to a significant loss of the social support systems that promote resilience. This has made people more susceptible to psychosocial distress and mental health problems."
1,What factors are associated with an increased risk of mortality in COVID-19 patients?,"The factors associated with an increased risk of mortality in COVID-19 patients include obesity, active smoking, diabetes, and high qSOFA and CURB-65 scores. The CURB-65 score takes into account confusion status, blood urea nitrogen level >19 mg/dl [>7 mmol/l], respiratory rate ≥30, blood pressure [systolic <90 mm Hg or diastolic ≤60 mm Hg] and age ≥65 years.","The factors associated with an increased risk of mortality in COVID-19 patients include obesity, active smoking, diabetes, high qSOFA and CURB-65 scores, and underlying comorbidities such as hypertension, cardiac disease, renal disease, and cancer.","The factors associated with an increased risk of mortality in COVID-19 patients include obesity, active smoking, diabetes, and high qSOFA (Quick Sequential Organ Failure Assessment) and CURB-65 (Confusion status, blood urea nitrogen level >19 mg/dl [>7 mmol/l], respiratory rate ≥30, blood pressure [systolic <90 mm Hg or diastolic ≤60 mm Hg] and age ≥65 years) scores.","The factors associated with an increased risk of mortality in COVID-19 patients include obesity, active smoking, diabetes, and high qSOFA (Quick Sequential Organ Failure Assessment) and CURB-65 (Confusion status, blood urea nitrogen level >19 mg/dl [>7 mmol/l], respiratory rate ≥30, blood pressure [systolic <90 mm Hg or diastolic ≤60 mm Hg] and age ≥65 years) scores.","The factors associated with an increased risk of mortality in COVID-19 patients include obesity, active smoking, diabetes, and high qSOFA (Quick Sequential Organ Failure Assessment) and CURB-65 (Confusion status, blood urea nitrogen level >19 mg/dl [>7 mmol/l], respiratory rate ≥30, blood pressure [systolic <90 mm Hg or diastolic ≤60 mm Hg] and age ≥65 years) scores."
2,What is the impact of coalitions with political parties on housing legislation reforms?,"The study found that coalitions that include political parties as institutional allies have been more successful in pushing for reforms in housing legislation. For example, in Dublin, the RTR coalition, which included opposition parties, was able to pass a multi-party motion in the National Parliament calling for a housing emergency, a referendum on the right to housing, the building of more social housing, and the provision of rent controls. However, the related legislation was defeated. The study also found that these coalitions tend to lack inclusivity when it comes to minority groups.","The analysis suggests that coalitions with political parties as institutional allies have been more successful in pushing for reforms in housing legislation. For instance, in Dublin, the RTR coalition, which includes political parties, was able to successfully pass a multi-party motion in the National Parliament calling for a housing emergency, a referendum on the right to housing, the building of more social housing, and the provision of rent controls. This indicates the strong political clout built by RTR. However, these coalitions often lack inclusivity when it comes to minority groups.","The presence of political parties in coalitions can increase their success in pushing for reforms in housing legislation. For example, in Dublin, coalitions with a strong political party presence, such as Raise The Roof (RTR), have been more successful in pushing for such reforms. This is highlighted by the passing of a multi-party motion on the right to housing, which was proposed by the parties in the coalition and later voted on in the Irish parliament. However, these more structured coalitions may lack inclusivity when it comes to minority groups.","The presence of political parties in coalitions can increase their success in pushing for reforms in housing legislation. For example, in Dublin, coalitions that included political parties were more successful in pushing for such reforms. These parties proposed a motion that was later voted on in the Irish parliament, leading to the passing of the multi-party motion on the right to housing. However, these more structured coalitions may lack inclusivity when it comes to minority groups.","The presence of political parties in coalitions can increase the success of pushing for reforms in housing legislation. For example, in Dublin, coalitions that included political parties were more successful in pushing for such reforms. These parties proposed a motion that was later voted on in the Irish parliament, leading to the passing of the multi-party motion on the right to housing. However, these more structured coalitions may lack inclusivity when it comes to minority groups."
3,How did the stocking and sales of AZM change during the COVID-19 pandemic in Jordan?,"During the COVID-19 pandemic, specifically between March to May 2021, there was a significant increase in the stocking and sales of AZM in Jordan. This was observed in 184 community pharmacies compared to the pre-COVID-19 period. The increase was likely due to initial guidelines suggesting AZM's potential effectiveness against SARS-CoV-2 infection and a surge of patients seeking medical care for confirmed or presumptive COVID-19 conditions.","During the COVID-19 pandemic, specifically between March to May 2021, the stocking and sales of AZM significantly increased in Jordan. This was observed in 184 community pharmacies compared to the pre-COVID-19 period. The increase was likely due to initial guidelines suggesting AZM's potential effectiveness against SARS-CoV-2 infection and a surge of patients seeking medical or self-care for confirmed or presumptive COVID-19 conditions.","During the COVID-19 pandemic in Jordan, there was a significant increase in the stocking and sales of AZM in community pharmacies compared to the pre-COVID-19 period. Before the pandemic, 54.9% of pharmacies used to stock 5-10 packs of AZM, but during the pandemic, 44% of pharmacies began stocking more than 40 packs of AZM. Overall, pharmacists stocked AZM 121% higher during COVID-19 than before the pandemic. Almost all the pharmacists (94.6%) noticed increased AZM sales during the pandemic, and 92.9% felt they needed to order more AZM packs.","During the COVID-19 pandemic in Jordan, there was a significant increase in the stocking and sales of AZM in community pharmacies compared to the pre-COVID-19 period. Before the pandemic, 54.9% of pharmacies used to stock 5-10 packs of AZM, but during the pandemic, 44% of pharmacies began stocking more than 40 packs of AZM. Overall, pharmacists stocked AZM 121% higher during COVID-19 than before the pandemic. Almost all the pharmacists (94.6%) noticed increased AZM sales during the pandemic, and 92.9% felt they needed to order more AZM packs.","During the COVID-19 pandemic in Jordan, there was a significant increase in the stocking and sales of AZM in community pharmacies compared to the pre-COVID-19 period. Before the pandemic, 54.9% of pharmacies used to stock 5-10 packs of AZM, but during the pandemic, 44% of pharmacies began stocking more than 40 packs of AZM. Overall, pharmacists stocked AZM 121% higher during COVID-19 than before the pandemic. Almost all the pharmacists (94.6%) noticed increased AZM sales during the pandemic, and 92.9% felt they needed to order more AZM packs."
4,How has the shift towards collaborative care impacted the role of practitioners in advocating for patients and public health?,"The shift towards collaborative care has fundamentally altered the role of practitioners. While it has allowed for a more holistic approach to patient care, it has also diminished the traditional Hippocratic focus of practitioners, which is the best care of the individual patient. This shift has also impacted the practitioner's role as an advocate for patients and public health. The focus on organizational concerns and resource management has often taken precedence over the practitioner's duty as a vocal citizen in society. As a result, the rights of conscience and public engagement for practitioners are being restricted. This has led to a decrease in the practitioner's ability to voice concerns based on their experience, which can be crucial in advocating for patients and public health.",The text does not provide specific information on how the shift towards collaborative care has impacted the role of practitioners in advocating for patients and public health.,The text does not provide specific information on how the shift towards collaborative care has impacted the role of practitioners in advocating for patients and public health.,The text does not provide specific information on how the shift towards collaborative care has impacted the role of practitioners in advocating for patients and public health.,The text does not provide specific information on how the shift towards collaborative care has impacted the role of practitioners in advocating for patients and public health.
